"Path","From","To","Line","Kind"
"engine\ai\agent.py","ai","api","8","from"
"engine\ai\__init__.py","ai","ai","3","from"
"engine\ai\__init__.py","ai","ai","4","from"
"engine\ai\__init__.py","ai","ai","5","from"
"engine\api\context.py","api","api","7","from"
"engine\api\debug.py","api","diagnostics","10","from"
"engine\api\dialogs.py","api","api","7","from"
"engine\api\gameplay.py","api","api","9","from"
"engine\api\game_module.py","api","api","9","from"
"engine\api\game_module.py","api","api","10","from"
"engine\api\hosted_runtime.py","api","api","8","from"
"engine\api\hosted_runtime.py","api","api","9","from"
"engine\api\hosted_runtime.py","api","api","10","from"
"engine\api\input_snapshot.py","api","api","7","from"
"engine\api\logging.py","api","diagnostics","10","from"
"engine\api\module_graph.py","api","api","8","from"
"engine\api\render.py","api","api","8","from"
"engine\api\ui_framework.py","api","api","7","from"
"engine\api\ui_framework.py","api","api","8","from"
"engine\api\ui_framework.py","api","api","9","from"
"engine\api\ui_framework.py","api","api","10","from"
"engine\api\ui_framework.py","api","api","11","from"
"engine\api\ui_primitives.py","api","api","9","from"
"engine\api\ui_projection.py","api","api","8","from"
"engine\api\ui_style.py","api","api","9","from"
"engine\api\window.py","api","api","8","from"
"engine\api\__init__.py","api","api","3","from"
"engine\api\__init__.py","api","api","9","from"
"engine\api\__init__.py","api","api","19","from"
"engine\api\__init__.py","api","api","20","from"
"engine\api\__init__.py","api","api","21","from"
"engine\api\__init__.py","api","api","22","from"
"engine\api\__init__.py","api","api","23","from"
"engine\api\__init__.py","api","api","38","from"
"engine\api\__init__.py","api","api","39","from"
"engine\api\__init__.py","api","api","40","from"
"engine\api\__init__.py","api","api","48","from"
"engine\api\__init__.py","api","api","49","from"
"engine\api\__init__.py","api","api","58","from"
"engine\api\__init__.py","api","api","59","from"
"engine\api\__init__.py","api","api","67","from"
"engine\api\__init__.py","api","api","68","from"
"engine\api\__init__.py","api","api","73","from"
"engine\api\__init__.py","api","api","74","from"
"engine\api\__init__.py","api","api","75","from"
"engine\api\__init__.py","api","api","76","from"
"engine\api\__init__.py","api","api","85","from"
"engine\api\__init__.py","api","api","86","from"
"engine\api\__init__.py","api","api","87","from"
"engine\api\__init__.py","api","api","95","from"
"engine\api\__init__.py","api","api","132","from"
"engine\api\__init__.py","api","api","133","from"
"engine\assets\registry.py","assets","api","8","from"
"engine\assets\__init__.py","assets","api","3","from"
"engine\assets\__init__.py","assets","assets","4","from"
"engine\diagnostics\adapters.py","diagnostics","diagnostics","8","from"
"engine\diagnostics\config.py","diagnostics","runtime_profile","9","from"
"engine\diagnostics\crash.py","diagnostics","diagnostics","11","from"
"engine\diagnostics\crash.py","diagnostics","diagnostics","12","from"
"engine\diagnostics\crash.py","diagnostics","diagnostics","13","from"
"engine\diagnostics\hub.py","diagnostics","diagnostics","8","from"
"engine\diagnostics\hub.py","diagnostics","diagnostics","9","from"
"engine\diagnostics\metrics_store.py","diagnostics","diagnostics","8","from"
"engine\diagnostics\profiling.py","diagnostics","diagnostics","10","from"
"engine\diagnostics\profiling.py","diagnostics","diagnostics","11","from"
"engine\diagnostics\profiling.py","diagnostics","diagnostics","12","from"
"engine\diagnostics\profiling.py","diagnostics","diagnostics","13","from"
"engine\diagnostics\replay.py","diagnostics","diagnostics","10","from"
"engine\diagnostics\replay.py","diagnostics","diagnostics","11","from"
"engine\diagnostics\replay.py","diagnostics","diagnostics","12","from"
"engine\diagnostics\__init__.py","diagnostics","diagnostics","3","from"
"engine\diagnostics\__init__.py","diagnostics","diagnostics","4","from"
"engine\diagnostics\__init__.py","diagnostics","diagnostics","9","from"
"engine\diagnostics\__init__.py","diagnostics","diagnostics","10","from"
"engine\diagnostics\__init__.py","diagnostics","diagnostics","11","from"
"engine\diagnostics\__init__.py","diagnostics","diagnostics","12","from"
"engine\diagnostics\__init__.py","diagnostics","diagnostics","13","from"
"engine\diagnostics\__init__.py","diagnostics","diagnostics","14","from"
"engine\diagnostics\__init__.py","diagnostics","diagnostics","23","from"
"engine\diagnostics\__init__.py","diagnostics","diagnostics","24","from"
"engine\diagnostics\__init__.py","diagnostics","diagnostics","34","from"
"engine\diagnostics\subscribers\jsonl_exporter.py","diagnostics","diagnostics","11","from"
"engine\diagnostics\subscribers\jsonl_exporter.py","diagnostics","diagnostics","12","from"
"engine\diagnostics\subscribers\__init__.py","diagnostics","diagnostics","3","from"
"engine\gameplay\state_store.py","gameplay","api","8","from"
"engine\gameplay\system.py","gameplay","api","5","from"
"engine\gameplay\update_loop.py","gameplay","api","8","from"
"engine\gameplay\update_loop.py","gameplay","api","9","from"
"engine\gameplay\update_loop.py","gameplay","runtime","10","from"
"engine\gameplay\__init__.py","gameplay","gameplay","3","from"
"engine\gameplay\__init__.py","gameplay","gameplay","4","from"
"engine\gameplay\__init__.py","gameplay","gameplay","5","from"
"engine\input\input_controller.py","input","api","9","from"
"engine\input\input_controller.py","input","api","10","from"
"engine\input\__init__.py","input","api","3","from"
"engine\input\__init__.py","input","input","4","from"
"engine\rendering\scene_runtime.py","rendering","runtime_profile","9","from"
"engine\rendering\scene_runtime.py","rendering","window","10","from"
"engine\rendering\wgpu_renderer.py","rendering","api","17","from"
"engine\rendering\wgpu_renderer.py","rendering","api","18","from"
"engine\rendering\wgpu_renderer.py","rendering","rendering","19","from"
"engine\rendering\wgpu_renderer.py","rendering","rendering","20","from"
"engine\rendering\wgpu_renderer.py","rendering","rendering","21","from"
"engine\rendering\wgpu_renderer.py","rendering","runtime_profile","22","from"
"engine\rendering\__init__.py","rendering","rendering","3","from"
"engine\runtime\action_dispatch.py","runtime","api","7","from"
"engine\runtime\bootstrap.py","runtime","api","10","from"
"engine\runtime\bootstrap.py","runtime","api","11","from"
"engine\runtime\bootstrap.py","runtime","api","12","from"
"engine\runtime\bootstrap.py","runtime","api","13","from"
"engine\runtime\bootstrap.py","runtime","input","14","from"
"engine\runtime\bootstrap.py","runtime","rendering","15","from"
"engine\runtime\bootstrap.py","runtime","rendering","16","from"
"engine\runtime\bootstrap.py","runtime","runtime","17","from"
"engine\runtime\bootstrap.py","runtime","runtime","18","from"
"engine\runtime\bootstrap.py","runtime","runtime","19","from"
"engine\runtime\bootstrap.py","runtime","window","20","from"
"engine\runtime\commands.py","runtime","api","5","from"
"engine\runtime\context.py","runtime","api","7","from"
"engine\runtime\debug_config.py","runtime","runtime_profile","8","from"
"engine\runtime\diagnostics_http.py","runtime","api","12","from"
"engine\runtime\diagnostics_http.py","runtime","diagnostics","13","from"
"engine\runtime\events.py","runtime","api","8","from"
"engine\runtime\flow.py","runtime","api","5","from"
"engine\runtime\framework_engine.py","runtime","api","8","from"
"engine\runtime\framework_engine.py","runtime","api","9","from"
"engine\runtime\framework_engine.py","runtime","api","10","from"
"engine\runtime\framework_engine.py","runtime","api","11","from"
"engine\runtime\framework_engine.py","runtime","api","12","from"
"engine\runtime\framework_engine.py","runtime","api","13","from"
"engine\runtime\framework_engine.py","runtime","runtime","23","from"
"engine\runtime\host.py","runtime","api","13","from"
"engine\runtime\host.py","runtime","api","14","from"
"engine\runtime\host.py","runtime","api","15","from"
"engine\runtime\host.py","runtime","api","16","from"
"engine\runtime\host.py","runtime","api","17","from"
"engine\runtime\host.py","runtime","diagnostics","18","from"
"engine\runtime\host.py","runtime","diagnostics","28","from"
"engine\runtime\host.py","runtime","diagnostics","29","from"
"engine\runtime\host.py","runtime","runtime","30","from"
"engine\runtime\host.py","runtime","runtime","31","from"
"engine\runtime\host.py","runtime","runtime","32","from"
"engine\runtime\host.py","runtime","runtime","33","from"
"engine\runtime\host.py","runtime","runtime","34","from"
"engine\runtime\host.py","runtime","runtime","35","from"
"engine\runtime\host.py","runtime","runtime","36","from"
"engine\runtime\host.py","runtime","runtime","37","from"
"engine\runtime\host.py","runtime","ui_runtime","38","from"
"engine\runtime\interaction_modes.py","runtime","api","5","from"
"engine\runtime\logging.py","runtime","api","10","from"
"engine\runtime\logging.py","runtime","runtime","11","from"
"engine\runtime\module_graph.py","runtime","api","7","from"
"engine\runtime\module_graph.py","runtime","api","8","from"
"engine\runtime\profiling.py","runtime","diagnostics","15","from"
"engine\runtime\profiling.py","runtime","runtime","16","from"
"engine\runtime\screen_stack.py","runtime","api","5","from"
"engine\runtime\ui_space.py","runtime","api","9","from"
"engine\runtime\ui_space.py","runtime","api","10","from"
"engine\runtime\window_frontend.py","runtime","api","5","from"
"engine\runtime\window_frontend.py","runtime","api","6","from"
"engine\runtime\window_frontend.py","runtime","api","7","from"
"engine\runtime\window_frontend.py","runtime","input","14","from"
"engine\runtime\window_frontend.py","runtime","runtime","15","from"
"engine\runtime\__init__.py","runtime","api","3","from"
"engine\runtime\__init__.py","runtime","api","4","from"
"engine\runtime\__init__.py","runtime","api","5","from"
"engine\runtime\__init__.py","runtime","api","6","from"
"engine\runtime\__init__.py","runtime","api","7","from"
"engine\runtime\__init__.py","runtime","api","8","from"
"engine\runtime\__init__.py","runtime","api","9","from"
"engine\runtime\__init__.py","runtime","runtime","10","from"
"engine\runtime\__init__.py","runtime","runtime","11","from"
"engine\runtime\__init__.py","runtime","runtime","12","from"
"engine\runtime\__init__.py","runtime","runtime","13","from"
"engine\runtime\__init__.py","runtime","runtime","14","from"
"engine\runtime\__init__.py","runtime","runtime","15","from"
"engine\runtime\__init__.py","runtime","runtime","16","from"
"engine\runtime\__init__.py","runtime","runtime","17","from"
"engine\runtime\__init__.py","runtime","runtime","18","from"
"engine\runtime\__init__.py","runtime","runtime","19","from"
"engine\runtime\__init__.py","runtime","runtime","26","from"
"engine\runtime\__init__.py","runtime","runtime","27","from"
"engine\runtime\__init__.py","runtime","runtime","28","from"
"engine\runtime\__init__.py","runtime","runtime","29","from"
"engine\ui_runtime\debug_overlay.py","ui_runtime","api","7","from"
"engine\ui_runtime\debug_overlay.py","ui_runtime","runtime","8","from"
"engine\ui_runtime\grid_layout.py","ui_runtime","ui_runtime","7","from"
"engine\ui_runtime\interactions.py","ui_runtime","api","7","from"
"engine\ui_runtime\interactions.py","ui_runtime","ui_runtime","8","from"
"engine\ui_runtime\modal_runtime.py","ui_runtime","api","7","from"
"engine\ui_runtime\widgets.py","ui_runtime","api","7","from"
"engine\ui_runtime\__init__.py","ui_runtime","ui_runtime","3","from"
"engine\ui_runtime\__init__.py","ui_runtime","ui_runtime","4","from"
"engine\ui_runtime\__init__.py","ui_runtime","ui_runtime","5","from"
"engine\ui_runtime\__init__.py","ui_runtime","ui_runtime","6","from"
"engine\ui_runtime\__init__.py","ui_runtime","ui_runtime","12","from"
"engine\ui_runtime\__init__.py","ui_runtime","ui_runtime","13","from"
"engine\ui_runtime\__init__.py","ui_runtime","ui_runtime","14","from"
"engine\ui_runtime\__init__.py","ui_runtime","ui_runtime","15","from"
"engine\ui_runtime\__init__.py","ui_runtime","ui_runtime","22","from"
"engine\ui_runtime\__init__.py","ui_runtime","ui_runtime","30","from"
"engine\ui_runtime\__init__.py","ui_runtime","ui_runtime","33","from"
"engine\ui_runtime\__init__.py","ui_runtime","ui_runtime","36","from"
"engine\ui_runtime\__init__.py","ui_runtime","ui_runtime","39","from"
"engine\ui_runtime\__init__.py","ui_runtime","ui_runtime","40","from"
"engine\window\factory.py","window","api","8","from"
"engine\window\factory.py","window","window","9","from"
"engine\window\rendercanvas_glfw.py","window","api","12","from"
"engine\window\rendercanvas_glfw.py","window","api","13","from"
"engine\window\__init__.py","window","window","3","from"
"engine\window\__init__.py","window","window","4","from"
